-- phpMyAdmin SQL Dump
-- version 4.8.3
-- https://www.phpmyadmin.net/
--
-- Servidor: 127.0.0.1
-- Tiempo de generación: 11-02-2020 a las 22:05:37
-- Versión del servidor: 10.1.36-MariaDB
-- Versión de PHP: 7.2.10

SET SQL_MODE = "NO_AUTO_VALUE_ON_ZERO";
SET AUTOCOMMIT = 0;
START TRANSACTION;
SET time_zone = "+00:00";


/*!40101 SET @OLD_CHARACTER_SET_CLIENT=@@CHARACTER_SET_CLIENT */;
/*!40101 SET @OLD_CHARACTER_SET_RESULTS=@@CHARACTER_SET_RESULTS */;
/*!40101 SET @OLD_COLLATION_CONNECTION=@@COLLATION_CONNECTION */;
/*!40101 SET NAMES utf8mb4 */;

--
-- Base de datos: `app1_udec`
--

-- --------------------------------------------------------

--
-- Estructura de tabla para la tabla `administrador`
--

CREATE TABLE `administrador` (
  `IdAdmin` int(11) NOT NULL,
  `Rut` varchar(50) COLLATE utf8_spanish2_ci NOT NULL,
  `Nombre` varchar(100) COLLATE utf8_spanish2_ci NOT NULL,
  `Apellido` varchar(100) COLLATE utf8_spanish2_ci NOT NULL,
  `Password` varchar(100) COLLATE utf8_spanish2_ci NOT NULL,
  `Habilitado` tinyint(1) NOT NULL DEFAULT '1'
) ENGINE=InnoDB DEFAULT CHARSET=utf8 COLLATE=utf8_spanish2_ci;

--
-- Volcado de datos para la tabla `administrador`
--

INSERT INTO `administrador` (`IdAdmin`, `Rut`, `Nombre`, `Apellido`, `Password`, `Habilitado`) VALUES
(1, '12.561.876-7', 'Pablo', 'Ascencio', '12345', 1),
(2, '17.656.789-0', 'Francisca', 'Rojas', '54321', 1),
(3, '19.234.678-7', 'Bastian', 'Sandoval', '123456789', 1),
(4, '12.567.321-9', 'Miguel', 'Zambrano', '11111', 1),
(5, '12.678.999-5', 'Angel', 'Escobar', '1234567890', 1),
(6, '11111333-6', 'Angel', 'Garcia', '1234567', 0),
(7, '12.567.812-5', 'Samuel', 'Gajardo', '12345', 1),
(8, '18.456.111-0', 'Jorge', 'Sagredo', '11111', 1),
(9, '18.416.518-k', 'felipe', 'ascencio', '12345', 0),
(10, '15.456.234-7', 'Franco', 'Perez', '12345', 1),
(11, '12.123.123-5', 'Ivonne', 'Sandoval', '12345', 1),
(12, '12.446.568-2', 'Daisy', 'Rojas', '12345', 1),
(13, '09.111.168-1', 'Basti', 'Zambrano', '11111', 1),
(14, '09.222.128-1', 'Javo', 'nose', '1121', 0),
(15, '19.522.528-7', 'Victor', 'Aja', '1131', 1),
(16, '11.111.123-k', 'Carlos', 'Blas', '11111', 1);

-- --------------------------------------------------------

--
-- Estructura de tabla para la tabla `motivopausa`
--

CREATE TABLE `motivopausa` (
  `IdMotivoPausa` int(11) NOT NULL,
  `Descripcion` varchar(100) COLLATE utf8_spanish2_ci NOT NULL
) ENGINE=InnoDB DEFAULT CHARSET=utf8 COLLATE=utf8_spanish2_ci;

--
-- Volcado de datos para la tabla `motivopausa`
--

INSERT INTO `motivopausa` (`IdMotivoPausa`, `Descripcion`) VALUES
(1, 'Almuerzo'),
(2, 'Fuera de rango de trabajo'),
(3, 'Accidente laboral');

-- --------------------------------------------------------

--
-- Estructura de tabla para la tabla `operador`
--

CREATE TABLE `operador` (
  `IdOperador` int(11) NOT NULL,
  `IdPuestoTrabajador` int(11) NOT NULL,
  `Rut` varchar(50) COLLATE utf8_spanish2_ci NOT NULL,
  `Nombre` varchar(100) COLLATE utf8_spanish2_ci NOT NULL,
  `Apellido` varchar(100) COLLATE utf8_spanish2_ci NOT NULL,
  `Presente` tinyint(1) NOT NULL DEFAULT '1',
  `Habilitado` tinyint(1) NOT NULL DEFAULT '1',
  `Password` varchar(20) COLLATE utf8_spanish2_ci NOT NULL
) ENGINE=InnoDB DEFAULT CHARSET=utf8 COLLATE=utf8_spanish2_ci;

--
-- Volcado de datos para la tabla `operador`
--

INSERT INTO `operador` (`IdOperador`, `IdPuestoTrabajador`, `Rut`, `Nombre`, `Apellido`, `Presente`, `Habilitado`, `Password`) VALUES
(1, 3, '11.212.456-8', 'Franco', 'Sandoval', 1, 1, '1234'),
(2, 1, '20.567.123-6', 'Esteban', 'Escobar', 1, 1, 'ferna'),
(3, 2, '11.227.353-0', 'Victor', 'Campos', 1, 1, 'vitoco'),
(4, 1, '17.876.412-0', 'Sebastian', 'Castro', 1, 1, '111'),
(5, 3, '12.345.678-9', 'Pedro', 'Romero', 1, 1, '222'),
(6, 1, '12.123.123-l', 'Sebastian', 'Garza', 1, 1, '333'),
(7, 3, '17.657.567-k', 'franco', 'escobar', 1, 1, '444'),
(8, 3, '17.567.341-k', 'Esteban', 'Pardo', 1, 0, '555'),
(9, 2, '11.567.907-2', 'Francisco', 'Gutierrez', 1, 0, '666'),
(10, 1, '12.876.789-2', 'Claudio', 'Garrido', 1, 1, ''),
(11, 2, '12.678.345-5', 'Francisco', 'Perez', 1, 1, '999'),
(12, 2, '12.666.444-6', 'Romina', 'Estrada', 1, 1, '111'),
(13, 1, '21.456.123-4', 'Guillermo', 'Gonzales', 1, 0, '111'),
(14, 3, '19.321.456-6', 'Bastian', 'Perez', 1, 0, '111');

-- --------------------------------------------------------

--
-- Estructura de tabla para la tabla `ot`
--

CREATE TABLE `ot` (
  `IdOt` int(11) NOT NULL,
  `Codigo` varchar(100) COLLATE utf8_spanish2_ci NOT NULL,
  `Descripcion` varchar(200) COLLATE utf8_spanish2_ci DEFAULT NULL,
  `Activa` tinyint(1) NOT NULL DEFAULT '1',
  `Habilitado` tinyint(1) NOT NULL DEFAULT '1'
) ENGINE=InnoDB DEFAULT CHARSET=utf8 COLLATE=utf8_spanish2_ci;

--
-- Volcado de datos para la tabla `ot`
--

INSERT INTO `ot` (`IdOt`, `Codigo`, `Descripcion`, `Activa`, `Habilitado`) VALUES
(1, '12367', '', 1, 1),
(2, '56231', '', 1, 1),
(3, '34567', 'Limpiar taller ', 1, 1),
(4, '999', 'Crear torniquete para esmax', 0, 1),
(6, '3459', 'Trabajo en electricidad', 1, 1),
(7, '098', NULL, 1, 1),
(8, '1234', NULL, 1, 1),
(9, '8888', NULL, 1, 1),
(10, '328', NULL, 1, 1),
(11, '666', NULL, 1, 1),
(12, '09876', NULL, 1, 1),
(13, '447', '', 1, 1),
(14, '109', NULL, 1, 1),
(15, '555', NULL, 1, 1),
(16, '067', NULL, 1, 1),
(17, '045', NULL, 1, 1),
(18, '072', NULL, 1, 1),
(19, '001', NULL, 1, 1),
(20, '090', NULL, 1, 1),
(21, '812', NULL, 1, 1),
(22, '1200', NULL, 0, 1),
(23, '401', NULL, 1, 1),
(24, '122', '', 1, 1),
(25, '90', NULL, 1, 1),
(26, '0281', NULL, 1, 1),
(27, '333', NULL, 1, 1),
(28, '123', NULL, 1, 1),
(29, '111', NULL, 1, 1),
(30, 'bla1', NULL, 1, 1),
(31, 'bla2', NULL, 1, 1),
(32, 'gh1', NULL, 1, 1);

-- --------------------------------------------------------

--
-- Estructura de tabla para la tabla `pausa`
--

CREATE TABLE `pausa` (
  `IdPausa` int(11) NOT NULL,
  `IdTrabajo` int(11) NOT NULL,
  `IdMotivoPausa` int(11) NOT NULL,
  `Fecha` varchar(20) COLLATE utf8_spanish2_ci NOT NULL,
  `HoraInicio` varchar(20) COLLATE utf8_spanish2_ci NOT NULL,
  `HoraFin` varchar(20) COLLATE utf8_spanish2_ci NOT NULL,
  `TotalTiempo` varchar(20) COLLATE utf8_spanish2_ci NOT NULL
) ENGINE=InnoDB DEFAULT CHARSET=utf8 COLLATE=utf8_spanish2_ci;

--
-- Volcado de datos para la tabla `pausa`
--

INSERT INTO `pausa` (`IdPausa`, `IdTrabajo`, `IdMotivoPausa`, `Fecha`, `HoraInicio`, `HoraFin`, `TotalTiempo`) VALUES
(1, 25, 3, '0000-00-00', '0000-00-00 00:00:00', '0000-00-00 00:00:00', '00:00:05'),
(2, 26, 3, '15/12/2019', '13:02:02', '13:02:06', '00:00:04'),
(3, 27, 3, '15/12/2019', '13:03:08', '13:03:12', '00:00:04'),
(4, 27, 1, '15/12/2019', '13:03:17', '14:03:20', '01:00:03'),
(5, 28, 2, '15/12/2019', '13:37:01', '13:37:06', '00:00:05'),
(6, 29, 2, '15/12/2019', '13:44:55', '13:46:00', '00:01:04'),
(7, 32, 2, '15/12/2019', '14:04:08', '14:05:12', '00:01:04'),
(8, 33, 3, '15/12/2019', '14:07:40', '14:09:14', '00:01:33'),
(9, 34, 2, '15/12/2019', '14:16:59', '14:18:05', '00:01:05'),
(10, 35, 3, '15/12/2019', '14:19:37', '14:20:40', '00:01:02'),
(11, 36, 3, '15/12/2019', '14:24:34', '14:24:37', '00:00:02'),
(12, 37, 2, '15/12/2019', '16:35:54', '16:35:57', '00:00:03'),
(13, 38, 1, '15/12/2019', '16:41:23', '16:42:25', '00:01:02'),
(14, 38, 2, '15/12/2019', '16:42:42', '16:43:05', '00:00:22'),
(15, 39, 3, '15/12/2019', '18:11:01', '18:11:07', '00:00:05'),
(16, 40, 2, '15/12/2019', '18:12:29', '18:12:35', '00:00:05'),
(17, 43, 3, '15/12/2019', '18:20:16', '18:20:22', '00:00:06'),
(18, 44, 3, '15/12/2019', '18:27:05', '18:27:11', '00:00:05'),
(19, 45, 3, '15/12/2019', '18:28:56', '18:29:01', '00:00:05'),
(20, 46, 2, '15/12/2019', '18:30:46', '18:30:51', '00:00:04'),
(21, 47, 3, '15/12/2019', '18:32:01', '18:32:06', '00:00:04'),
(22, 48, 2, '15/12/2019', '18:35:17', '18:35:20', '00:00:03'),
(23, 49, 3, '15/12/2019', '18:44:48', '18:44:54', '00:00:06'),
(24, 50, 2, '15/12/2019', '18:50:23', '18:50:26', '00:00:02'),
(25, 51, 3, '15/12/2019', '18:52:14', '18:52:19', '00:00:04'),
(26, 52, 3, '15/12/2019', '18:54:54', '18:54:57', '00:00:03'),
(27, 53, 2, '15/12/2019', '18:57:10', '18:57:14', '00:00:03'),
(28, 54, 3, '15/12/2019', '18:58:09', '18:58:11', '00:00:02'),
(29, 55, 3, '15/12/2019', '19:00:27', '19:00:32', '00:00:05'),
(30, 56, 3, '15/12/2019', '19:02:51', '19:02:59', '00:00:07'),
(31, 57, 3, '15/12/2019', '19:08:01', '19:08:07', '00:00:06'),
(32, 58, 2, '16/12/2019', '09:19:50', '09:20:22', '00:00:32'),
(33, 60, 2, '16/12/2019', '09:28:07', '09:28:10', '00:00:02'),
(34, 66, 2, '16/12/2019', '09:43:18', '09:43:21', '00:00:02'),
(35, 67, 3, '16/12/2019', '09:45:04', '09:45:40', '00:00:36'),
(36, 69, 3, '16/12/2019', '10:45:33', '10:45:41', '00:00:07'),
(37, 72, 2, '16/12/2019', '11:22:30', '11:22:34', '00:00:04'),
(38, 73, 1, '16/12/2019', '11:26:10', '11:26:13', '00:00:02'),
(39, 73, 2, '16/12/2019', '11:26:18', '11:26:21', '00:00:02'),
(40, 73, 3, '16/12/2019', '11:26:26', '11:26:29', '00:00:03'),
(41, 75, 1, '16/12/2019', '11:32:39', '11:32:50', '00:00:10'),
(42, 76, 2, '16/12/2019', '11:37:21', '11:37:24', '00:00:02'),
(43, 78, 1, '16/12/2019', '11:38:00', '11:38:02', '00:00:01'),
(44, 78, 3, '16/12/2019', '11:38:06', '11:38:08', '00:00:02'),
(45, 79, 1, '17/12/2019', '09:21:48', '09:23:29', '00:01:40'),
(46, 83, 2, '18/12/2019', '11:17:06', '11:17:13', '00:00:07'),
(47, 86, 2, '18/12/2019', '12:05:22', '12:06:11', '00:00:49'),
(48, 88, 2, '26/12/2019', '15:28:28', '15:28:48', '00:00:20'),
(49, 97, 3, '07/01/2020', '16:00:48', '16:00:55', '00:00:07'),
(50, 98, 2, '07/01/2020', '16:03:41', '16:03:57', '00:00:15'),
(51, 103, 1, '10/01/2020', '09:50:56', '09:51:06', '00:00:10'),
(52, 105, 1, '10/01/2020', '12:30:03', '12:30:06', '00:00:02'),
(53, 105, 2, '10/01/2020', '12:29:56', '12:29:59', '00:00:02'),
(54, 109, 1, '10/01/2020', '13:00:48', '13:00:50', '00:00:02'),
(55, 109, 2, '10/01/2020', '13:00:53', '13:00:55', '00:00:02'),
(56, 109, 3, '10/01/2020', '13:00:58', '13:01:01', '00:00:03'),
(57, 117, 1, '10/01/2020', '13:00:48', '13:00:50', '00:00:02'),
(58, 117, 2, '10/01/2020', '13:00:53', '13:00:55', '00:00:02'),
(59, 117, 3, '10/01/2020', '13:00:58', '13:01:01', '00:00:03'),
(60, 118, 1, '10/01/2020', '13:00:48', '13:00:50', '00:00:02'),
(61, 118, 2, '10/01/2020', '13:00:53', '13:00:55', '00:00:02'),
(62, 118, 3, '10/01/2020', '13:00:58', '13:01:01', '00:00:03'),
(63, 119, 1, '10/01/2020', '13:00:48', '13:00:50', '00:00:02'),
(64, 119, 2, '10/01/2020', '13:00:53', '13:00:55', '00:00:02'),
(65, 119, 3, '10/01/2020', '13:00:58', '13:01:01', '00:00:03'),
(66, 121, 1, '10/01/2020', '13:00:48', '13:00:50', '00:00:02'),
(67, 121, 2, '10/01/2020', '13:00:53', '13:00:55', '00:00:02'),
(68, 121, 3, '10/01/2020', '13:00:58', '13:01:01', '00:00:03'),
(69, 122, 1, '10/01/2020', '13:00:48', '13:00:50', '00:00:02'),
(70, 122, 2, '10/01/2020', '13:00:53', '13:00:55', '00:00:02'),
(71, 122, 3, '10/01/2020', '13:00:58', '13:01:01', '00:00:03'),
(72, 123, 1, '10/01/2020', '13:00:48', '13:00:50', '00:00:02'),
(73, 123, 2, '10/01/2020', '13:00:53', '13:00:55', '00:00:02'),
(74, 123, 3, '10/01/2020', '13:00:58', '13:01:01', '00:00:03'),
(75, 124, 1, '10/01/2020', '13:00:48', '13:00:50', '00:00:02'),
(76, 124, 2, '10/01/2020', '13:00:53', '13:00:55', '00:00:02'),
(77, 124, 3, '10/01/2020', '13:00:58', '13:01:01', '00:00:03'),
(78, 125, 1, '10/01/2020', '13:00:48', '13:00:50', '00:00:02'),
(79, 125, 2, '10/01/2020', '13:00:53', '13:00:55', '00:00:02'),
(80, 125, 3, '10/01/2020', '13:00:58', '13:01:01', '00:00:03'),
(81, 126, 1, '10/01/2020', '13:00:48', '13:00:50', '00:00:02'),
(82, 126, 2, '10/01/2020', '13:00:53', '13:00:55', '00:00:02'),
(83, 126, 3, '10/01/2020', '13:00:58', '13:01:01', '00:00:03'),
(84, 127, 1, '10/01/2020', '13:00:48', '13:00:50', '00:00:02'),
(85, 127, 2, '10/01/2020', '13:00:53', '13:00:55', '00:00:02'),
(86, 127, 3, '10/01/2020', '13:00:58', '13:01:01', '00:00:03'),
(87, 128, 1, '10/01/2020', '13:00:48', '13:00:50', '00:00:02'),
(88, 128, 2, '10/01/2020', '13:00:53', '13:00:55', '00:00:02'),
(89, 128, 3, '10/01/2020', '13:00:58', '13:01:01', '00:00:03'),
(90, 129, 1, '10/01/2020', '13:00:48', '13:00:50', '00:00:02'),
(91, 129, 2, '10/01/2020', '13:00:53', '13:00:55', '00:00:02'),
(92, 129, 3, '10/01/2020', '13:00:58', '13:01:01', '00:00:03'),
(93, 130, 1, '10/01/2020', '13:00:48', '13:00:50', '00:00:02'),
(94, 130, 2, '10/01/2020', '13:00:53', '13:00:55', '00:00:02'),
(95, 130, 3, '10/01/2020', '13:00:58', '13:01:01', '00:00:03'),
(96, 131, 2, '10/01/2020', '13:00:53', '13:00:55', '00:00:02'),
(97, 131, 1, '10/01/2020', '13:00:48', '13:00:50', '00:00:02'),
(98, 131, 3, '10/01/2020', '13:00:58', '13:01:01', '00:00:03'),
(99, 132, 1, '10/01/2020', '13:00:48', '13:00:50', '00:00:02'),
(100, 132, 3, '10/01/2020', '13:00:58', '13:01:01', '00:00:03'),
(101, 132, 2, '10/01/2020', '13:00:53', '13:00:55', '00:00:02'),
(102, 133, 1, '10/01/2020', '16:28:31', '16:28:36', '00:00:04'),
(103, 133, 3, '10/01/2020', '16:28:43', '16:28:50', '00:00:07'),
(104, 134, 1, '10/01/2020', '16:34:28', '16:34:33', '00:00:05'),
(105, 134, 2, '10/01/2020', '16:34:39', '16:34:44', '00:00:04'),
(106, 135, 1, '13/01/2020', '14:23:27', '14:23:36', '00:00:09'),
(107, 135, 2, '13/01/2020', '14:39:11', '14:39:16', '00:00:05'),
(108, 136, 1, '13/01/2020', '14:23:27', '14:23:36', '00:00:09'),
(109, 136, 2, '13/01/2020', '14:39:11', '14:39:16', '00:00:05'),
(110, 136, 2, '13/01/2020', '14:41:18', '14:41:23', '00:00:05'),
(111, 137, 2, '13/01/2020', '14:39:11', '14:39:16', '00:00:05'),
(112, 137, 2, '13/01/2020', '14:41:18', '14:41:23', '00:00:05'),
(113, 137, 1, '13/01/2020', '14:23:27', '14:23:36', '00:00:09'),
(114, 138, 1, '13/01/2020', '14:23:27', '14:23:36', '00:00:09'),
(115, 138, 2, '13/01/2020', '14:39:11', '14:39:16', '00:00:05'),
(116, 138, 2, '13/01/2020', '14:41:18', '14:41:23', '00:00:05'),
(117, 139, 1, '13/01/2020', '14:23:27', '14:23:36', '00:00:09'),
(118, 139, 2, '13/01/2020', '14:39:11', '14:39:16', '00:00:05'),
(119, 139, 2, '13/01/2020', '14:41:18', '14:41:23', '00:00:05'),
(120, 140, 1, '13/01/2020', '14:23:27', '14:23:36', '00:00:09'),
(121, 140, 2, '13/01/2020', '14:39:11', '14:39:16', '00:00:05'),
(122, 140, 2, '13/01/2020', '14:41:18', '14:41:23', '00:00:05'),
(123, 141, 1, '13/01/2020', '14:23:27', '14:23:36', '00:00:09'),
(124, 141, 2, '13/01/2020', '14:39:11', '14:39:16', '00:00:05'),
(125, 141, 2, '13/01/2020', '14:41:18', '14:41:23', '00:00:05'),
(126, 142, 1, '13/01/2020', '14:23:27', '14:23:36', '00:00:09'),
(127, 142, 2, '13/01/2020', '14:39:11', '14:39:16', '00:00:05'),
(128, 142, 2, '13/01/2020', '14:41:18', '14:41:23', '00:00:05'),
(129, 143, 1, '13/01/2020', '14:23:27', '14:23:36', '00:00:09'),
(130, 143, 2, '13/01/2020', '14:39:11', '14:39:16', '00:00:05'),
(131, 143, 2, '13/01/2020', '14:41:18', '14:41:23', '00:00:05'),
(132, 144, 1, '13/01/2020', '14:23:27', '14:23:36', '00:00:09'),
(133, 144, 2, '13/01/2020', '14:39:11', '14:39:16', '00:00:05'),
(134, 144, 2, '13/01/2020', '14:41:18', '14:41:23', '00:00:05'),
(135, 146, 1, '13/01/2020', '14:23:27', '14:23:36', '00:00:09'),
(136, 146, 2, '13/01/2020', '14:39:11', '14:39:16', '00:00:05'),
(137, 146, 2, '13/01/2020', '14:41:18', '14:41:23', '00:00:05'),
(138, 147, 2, '13/01/2020', '14:39:11', '14:39:16', '00:00:05'),
(139, 147, 1, '13/01/2020', '14:23:27', '14:23:36', '00:00:09'),
(140, 147, 2, '13/01/2020', '14:41:18', '14:41:23', '00:00:05'),
(141, 150, 1, '13/01/2020', '14:23:27', '14:23:36', '00:00:09'),
(142, 150, 2, '13/01/2020', '14:39:11', '14:39:16', '00:00:05'),
(143, 150, 2, '13/01/2020', '14:41:18', '14:41:23', '00:00:05'),
(144, 151, 1, '13/01/2020', '14:23:27', '14:23:36', '00:00:09'),
(145, 151, 2, '13/01/2020', '14:39:11', '14:39:16', '00:00:05'),
(146, 151, 2, '13/01/2020', '14:41:18', '14:41:23', '00:00:05'),
(147, 152, 1, '13/01/2020', '17:12:12', '17:12:19', '00:00:06'),
(148, 154, 1, '14/01/2020', '16:38:42', '16:38:50', '00:00:07'),
(149, 154, 3, '14/01/2020', '16:38:59', '16:39:05', '00:00:06'),
(150, 155, 1, '14/01/2020', '16:41:09', '16:41:11', '00:00:02'),
(151, 155, 2, '14/01/2020', '16:41:14', '16:41:17', '00:00:02'),
(152, 156, 2, '15/01/2020', '14:27:55', '14:27:58', '00:00:03'),
(153, 156, 1, '15/01/2020', '14:28:04', '14:28:06', '00:00:02'),
(154, 157, 1, '15/01/2020', '14:34:10', '14:34:14', '00:00:04'),
(155, 157, 3, '15/01/2020', '14:34:20', '14:34:24', '00:00:04'),
(156, 158, 1, '15/01/2020', '14:41:27', '14:41:36', '00:00:08'),
(157, 158, 2, '15/01/2020', '14:41:42', '14:41:47', '00:00:05'),
(158, 171, 1, '16/01/2020', '16:16:00', '16:16:12', '00:00:12'),
(159, 173, 1, '16/01/2020', '16:52:02', '16:52:17', '00:00:15'),
(160, 174, 1, '16/01/2020', '17:07:02', '17:07:09', '00:00:06'),
(161, 174, 2, '16/01/2020', '17:12:48', '17:13:03', '00:00:14'),
(162, 174, 2, '17/01/2020', '09:37:41', '09:38:07', '00:00:26'),
(163, 175, 1, '17/01/2020', '10:22:35', '10:22:42', '00:00:06'),
(164, 177, 1, '17/01/2020', '10:27:22', '10:27:32', '00:00:10'),
(165, 178, 1, '17/01/2020', '10:38:47', '10:38:57', '00:00:09'),
(166, 180, 3, '17/01/2020', '10:47:17', '10:47:24', '00:00:06'),
(167, 181, 2, '17/01/2020', '10:49:36', '10:49:41', '00:00:04'),
(168, 182, 2, '17/01/2020', '10:51:03', '10:51:17', '00:00:14'),
(169, 183, 2, '17/01/2020', '11:07:01', '11:07:04', '00:00:03'),
(170, 189, 1, '17/01/2020', '11:47:25', '11:47:30', '00:00:04'),
(171, 191, 1, '17/01/2020', '11:55:26', '11:55:30', '00:00:03'),
(172, 194, 2, '17/01/2020', '12:33:39', '12:33:47', '00:00:08'),
(173, 195, 2, '17/01/2020', '12:35:34', '12:35:40', '00:00:05'),
(174, 201, 1, '17/01/2020', '15:42:08', '15:42:12', '00:00:04'),
(175, 202, 2, '17/01/2020', '15:44:38', '15:44:42', '00:00:04'),
(176, 202, 1, '17/01/2020', '15:45:04', '15:45:12', '00:00:07'),
(177, 202, 3, '17/01/2020', '15:44:50', '15:44:57', '00:00:06'),
(178, 203, 1, '17/01/2020', '15:53:39', '15:53:44', '00:00:05'),
(179, 203, 3, '17/01/2020', '15:53:52', '15:53:58', '00:00:05'),
(180, 204, 3, '17/01/2020', '15:53:52', '15:53:58', '00:00:05'),
(181, 204, 1, '17/01/2020', '15:56:09', '15:56:11', '00:00:02'),
(182, 204, 3, '17/01/2020', '15:56:15', '15:56:18', '00:00:02'),
(183, 205, 1, '17/01/2020', '16:01:08', '16:01:25', '00:00:16'),
(184, 217, 1, '20/01/2020', '14:32:22', '14:32:36', '00:00:14'),
(185, 218, 2, '20/01/2020', '14:34:47', '14:35:02', '00:00:15'),
(186, 219, 3, '20/01/2020', '14:35:35', '14:35:46', '00:00:10'),
(187, 220, 1, '20/01/2020', '14:37:47', '14:38:03', '00:00:15'),
(188, 220, 2, '20/01/2020', '14:38:09', '14:38:22', '00:00:13'),
(189, 220, 3, '20/01/2020', '14:38:30', '14:38:46', '00:00:15'),
(190, 221, 2, '20/01/2020', '14:38:09', '14:38:22', '00:00:13'),
(191, 221, 1, '20/01/2020', '14:41:25', '14:41:43', '00:00:18'),
(192, 221, 2, '20/01/2020', '14:41:53', '14:42:18', '00:00:24'),
(193, 221, 3, '20/01/2020', '14:42:30', '14:42:52', '00:00:21'),
(194, 222, 1, '20/01/2020', '14:41:25', '14:41:43', '00:00:18'),
(195, 222, 3, '20/01/2020', '14:42:30', '14:42:52', '00:00:21'),
(196, 222, 2, '20/01/2020', '14:46:26', '14:46:32', '00:00:05'),
(197, 222, 1, '20/01/2020', '14:46:17', '14:46:21', '00:00:04'),
(198, 222, 3, '20/01/2020', '14:46:36', '14:46:40', '00:00:03'),
(199, 223, 3, '20/01/2020', '14:42:30', '14:42:52', '00:00:21'),
(200, 223, 2, '20/01/2020', '14:46:26', '14:46:32', '00:00:05'),
(201, 224, 1, '20/01/2020', '14:52:37', '14:52:51', '00:00:14'),
(202, 224, 2, '20/01/2020', '14:53:08', '14:53:26', '00:00:18'),
(203, 224, 3, '20/01/2020', '14:53:32', '14:53:45', '00:00:12'),
(204, 225, 2, '20/01/2020', '14:53:08', '14:53:26', '00:00:18'),
(205, 225, 1, '20/01/2020', '15:00:56', '15:00:58', '00:00:02'),
(206, 225, 2, '20/01/2020', '15:01:01', '15:01:03', '00:00:02'),
(207, 225, 3, '20/01/2020', '15:01:06', '15:01:08', '00:00:02'),
(208, 226, 1, '20/01/2020', '15:11:38', '15:11:44', '00:00:06'),
(209, 226, 2, '20/01/2020', '15:11:52', '15:12:00', '00:00:07'),
(210, 226, 3, '20/01/2020', '15:12:07', '15:12:13', '00:00:05'),
(211, 232, 1, '20/01/2020', '15:42:23', '15:42:29', '00:00:05'),
(212, 232, 2, '20/01/2020', '15:42:32', '15:42:36', '00:00:03'),
(213, 232, 3, '20/01/2020', '15:42:40', '15:42:43', '00:00:03'),
(214, 233, 2, '20/01/2020', '15:42:32', '15:42:36', '00:00:03'),
(215, 233, 2, '20/01/2020', '15:51:45', '15:51:48', '00:00:02'),
(216, 233, 2, '20/01/2020', '15:51:58', '15:52:00', '00:00:02'),
(217, 233, 3, '20/01/2020', '15:51:53', '15:51:55', '00:00:02'),
(218, 233, 1, '20/01/2020', '15:51:38', '15:51:42', '00:00:04'),
(219, 234, 1, '20/01/2020', '16:00:23', '16:00:27', '00:00:03'),
(220, 234, 3, '20/01/2020', '16:00:30', '16:00:32', '00:00:02'),
(221, 234, 2, '20/01/2020', '16:00:35', '16:00:37', '00:00:02'),
(222, 234, 2, '20/01/2020', '16:00:40', '16:00:43', '00:00:02'),
(223, 236, 1, '20/01/2020', '16:26:51', '16:26:53', '00:00:02'),
(224, 236, 1, '20/01/2020', '16:27:07', '16:27:09', '00:00:02'),
(225, 236, 2, '20/01/2020', '16:26:57', '16:26:59', '00:00:02'),
(226, 236, 3, '20/01/2020', '16:27:01', '16:27:04', '00:00:02'),
(227, 237, 1, '20/01/2020', '16:32:29', '16:32:31', '00:00:02'),
(228, 237, 2, '20/01/2020', '16:32:36', '16:32:40', '00:00:04'),
(229, 237, 3, '20/01/2020', '16:32:44', '16:32:46', '00:00:02'),
(230, 237, 3, '20/01/2020', '16:32:49', '16:32:51', '00:00:02'),
(231, 238, 2, '20/01/2020', '17:04:05', '17:04:07', '00:00:02'),
(232, 238, 2, '20/01/2020', '17:04:35', '17:04:38', '00:00:02'),
(233, 238, 3, '20/01/2020', '17:04:10', '17:04:13', '00:00:02'),
(234, 242, 1, '21/01/2020', '14:20:14', '14:20:19', '00:00:05'),
(235, 243, 1, '21/01/2020', '14:21:46', '14:21:51', '00:00:05'),
(236, 243, 2, '21/01/2020', '14:21:54', '14:21:57', '00:00:03'),
(237, 243, 3, '21/01/2020', '14:22:02', '14:22:05', '00:00:02'),
(238, 244, 1, '21/01/2020', '14:22:48', '14:22:51', '00:00:02'),
(239, 244, 2, '21/01/2020', '14:22:55', '14:22:58', '00:00:03'),
(240, 244, 3, '21/01/2020', '14:23:03', '14:23:06', '00:00:02'),
(241, 246, 1, '21/01/2020', '14:35:12', '14:35:15', '00:00:02'),
(242, 246, 3, '21/01/2020', '14:35:23', '14:35:25', '00:00:02'),
(243, 246, 2, '21/01/2020', '14:35:18', '14:35:20', '00:00:02'),
(244, 247, 1, '21/01/2020', '14:37:30', '14:37:33', '00:00:02'),
(245, 247, 2, '21/01/2020', '14:37:35', '14:37:37', '00:00:02'),
(246, 247, 3, '21/01/2020', '14:37:40', '14:37:43', '00:00:02'),
(247, 254, 3, '21/01/2020', '15:09:11', '15:09:13', '00:00:02'),
(248, 255, 1, '21/01/2020', '15:31:10', '15:31:14', '00:00:03'),
(249, 259, 3, '21/01/2020', '15:48:27', '15:48:29', '00:00:02'),
(250, 264, 1, '21/01/2020', '16:33:41', '16:33:51', '00:00:09'),
(251, 274, 1, '21/01/2020', '17:27:42', '17:27:55', '00:00:12'),
(252, 277, 1, '22/01/2020', '14:28:50', '14:29:16', '00:00:26'),
(253, 278, 2, '22/01/2020', '14:32:58', '14:33:25', '00:00:27'),
(254, 279, 3, '22/01/2020', '14:36:12', '14:36:42', '00:00:30'),
(255, 279, 1, '22/01/2020', '14:37:13', '14:37:23', '00:00:09'),
(256, 280, 1, '22/01/2020', '14:35:44', '14:36:57', '00:01:12'),
(257, 280, 3, '22/01/2020', '14:40:46', '14:40:54', '00:00:08'),
(258, 280, 3, '22/01/2020', '14:41:43', '14:41:50', '00:00:06'),
(259, 289, 1, '11/02/2020', '17:52:00', '17:52:06', '00:00:06'),
(260, 290, 1, '11/02/2020', '17:52:44', '17:52:47', '00:00:03'),
(261, 290, 2, '11/02/2020', '17:52:52', '17:52:56', '00:00:03');

-- --------------------------------------------------------

--
-- Estructura de tabla para la tabla `puestotrabajador`
--

CREATE TABLE `puestotrabajador` (
  `IdPuestoTrabajador` int(11) NOT NULL,
  `Descripcion` varchar(100) COLLATE utf8_spanish2_ci NOT NULL
) ENGINE=InnoDB DEFAULT CHARSET=utf8 COLLATE=utf8_spanish2_ci;

--
-- Volcado de datos para la tabla `puestotrabajador`
--

INSERT INTO `puestotrabajador` (`IdPuestoTrabajador`, `Descripcion`) VALUES
(1, 'Soldadura'),
(2, 'Electricidad'),
(3, 'Mecanica');

-- --------------------------------------------------------

--
-- Estructura de tabla para la tabla `tiempo`
--

CREATE TABLE `tiempo` (
  `IdTiempo` int(11) NOT NULL,
  `IdTrabajo` int(11) NOT NULL,
  `IdOperador` int(11) NOT NULL,
  `Fecha` varchar(20) COLLATE utf8_spanish2_ci NOT NULL,
  `HoraInicio` varchar(10) COLLATE utf8_spanish2_ci NOT NULL,
  `HoraFin` varchar(10) COLLATE utf8_spanish2_ci NOT NULL,
  `TotalTiempo` varchar(10) COLLATE utf8_spanish2_ci NOT NULL
) ENGINE=InnoDB DEFAULT CHARSET=utf8 COLLATE=utf8_spanish2_ci;

--
-- Volcado de datos para la tabla `tiempo`
--

INSERT INTO `tiempo` (`IdTiempo`, `IdTrabajo`, `IdOperador`, `Fecha`, `HoraInicio`, `HoraFin`, `TotalTiempo`) VALUES
(1, 0, 2, '10/01/2020', '13:00:44', '13:01:11', '00:00:26'),
(2, 29, 2, '10/01/2020', '13:00:44', '13:01:11', '00:00:26'),
(3, 0, 2, '10/01/2020', '13:00:44', '13:01:11', '00:00:26'),
(4, 128, 2, '10/01/2020', '13:00:44', '13:01:11', '00:00:26'),
(5, 132, 2, '10/01/2020', '13:00:44', '13:01:11', '00:00:26'),
(6, 133, 2, '10/01/2020', '16:28:26', '', ''),
(7, 134, 2, '10/01/2020', '16:34:22', '16:34:51', '00:00:28'),
(8, 135, 2, '13/01/2020', '14:22:35', '14:23:36', '00:01:01'),
(9, 135, 2, '13/01/2020', '14:22:35', '14:39:38', '00:17:02'),
(10, 136, 2, '13/01/2020', '14:22:35', '14:23:36', '00:01:01'),
(11, 136, 2, '13/01/2020', '14:22:35', '14:41:40', '00:19:05'),
(12, 137, 2, '13/01/2020', '14:22:35', '14:23:36', '00:01:01'),
(13, 137, 2, '13/01/2020', '14:22:35', '15:22:37', '01:00:02'),
(14, 138, 2, '13/01/2020', '14:22:35', '14:23:36', '00:01:01'),
(15, 138, 2, '13/01/2020', '14:22:35', '15:32:48', '01:10:13'),
(16, 139, 2, '13/01/2020', '14:22:35', '14:23:36', '00:01:01'),
(17, 139, 2, '13/01/2020', '14:22:35', '15:35:29', '01:12:54'),
(18, 140, 2, '13/01/2020', '14:22:35', '14:23:36', '00:01:01'),
(19, 140, 2, '13/01/2020', '14:22:35', '15:39:24', '01:16:48'),
(20, 141, 2, '13/01/2020', '14:22:35', '14:23:36', '00:01:01'),
(21, 141, 2, '13/01/2020', '14:22:35', '15:46:48', '01:24:12'),
(22, 142, 2, '13/01/2020', '14:22:35', '14:23:36', '00:01:01'),
(23, 142, 2, '13/01/2020', '14:22:35', '15:49:14', '01:26:39'),
(24, 143, 2, '13/01/2020', '14:22:35', '14:23:36', '00:01:01'),
(25, 143, 2, '13/01/2020', '14:22:35', '15:59:57', '01:37:22'),
(26, 144, 2, '13/01/2020', '14:22:35', '14:23:36', '00:01:01'),
(27, 144, 2, '13/01/2020', '14:22:35', '16:03:29', '01:40:54'),
(28, 145, 2, '13/01/2020', '14:22:35', '14:23:36', '00:01:01'),
(29, 145, 2, '13/01/2020', '14:22:35', '16:08:36', '01:46:01'),
(30, 146, 2, '13/01/2020', '14:22:35', '14:23:36', '00:01:01'),
(31, 146, 2, '13/01/2020', '14:22:35', '16:11:36', '01:49:01'),
(32, 147, 2, '13/01/2020', '14:22:35', '14:23:36', '00:01:01'),
(33, 147, 2, '13/01/2020', '14:22:35', '16:27:55', '02:05:20'),
(34, 148, 2, '13/01/2020', '14:22:35', '14:23:36', '00:01:01'),
(35, 148, 2, '13/01/2020', '14:22:35', '16:37:00', '02:14:25'),
(36, 149, 2, '13/01/2020', '14:22:35', '14:23:36', '00:01:01'),
(37, 149, 2, '13/01/2020', '14:22:35', '16:40:14', '02:17:38'),
(38, 150, 2, '13/01/2020', '14:22:35', '14:23:36', '00:01:01'),
(39, 150, 2, '13/01/2020', '14:22:35', '16:43:09', '02:20:34'),
(40, 151, 2, '13/01/2020', '14:22:35', '14:23:36', '00:01:01'),
(41, 151, 2, '13/01/2020', '14:22:35', '16:44:36', '02:22:01'),
(42, 152, 2, '13/01/2020', '17:12:06', '17:12:41', '00:00:35'),
(43, 153, 2, '14/01/2020', '16:37:01', '16:37:13', '00:00:11'),
(44, 154, 2, '14/01/2020', '16:38:35', '16:39:10', '00:00:34'),
(45, 155, 2, '14/01/2020', '16:41:05', '16:41:21', '00:00:16'),
(46, 156, 2, '15/01/2020', '14:27:48', '14:28:29', '00:00:41'),
(47, 157, 2, '15/01/2020', '14:34:05', '14:34:29', '00:00:23'),
(48, 158, 2, '15/01/2020', '14:41:22', '14:41:52', '00:00:14'),
(49, 159, 2, '16/01/2020', '14:35:51', '14:35:59', '00:00:08'),
(50, 159, 2, '16/01/2020', '14:35:51', '14:41:16', '00:05:24'),
(51, 160, 2, '16/01/2020', '15:28:56', '15:29:05', '00:00:08'),
(52, 160, 2, '16/01/2020', '15:30:15', '15:30:33', '00:00:18'),
(53, 160, 2, '16/01/2020', '15:32:26', '15:32:36', '00:00:09'),
(54, 161, 2, '16/01/2020', '15:36:48', '15:36:57', '00:00:09'),
(55, 161, 2, '16/01/2020', '15:38:47', '15:39:11', '00:00:23'),
(56, 161, 2, '16/01/2020', '15:37:58', '15:38:12', '00:00:13'),
(57, 162, 2, '16/01/2020', '15:40:16', '15:40:27', '00:00:11'),
(58, 162, 2, '16/01/2020', '15:40:47', '15:41:00', '00:00:13'),
(59, 162, 2, '16/01/2020', '15:42:41', '15:42:55', '00:00:13'),
(60, 162, 2, '16/01/2020', '15:43:53', '15:44:13', '00:00:20'),
(61, 163, 2, '16/01/2020', '15:48:38', '15:48:49', '00:00:11'),
(62, 164, 2, '16/01/2020', '15:48:38', '15:48:49', '00:00:11'),
(63, 164, 2, '16/01/2020', '15:49:31', '15:49:41', '00:00:10'),
(64, 164, 2, '16/01/2020', '15:49:56', '15:50:05', '00:00:08'),
(65, 165, 2, '16/01/2020', '15:51:49', '15:51:56', '00:00:06'),
(66, 165, 2, '16/01/2020', '15:52:10', '15:52:17', '00:00:06'),
(67, 166, 3, '16/01/2020', '15:54:47', '15:54:54', '00:00:07'),
(68, 167, 3, '16/01/2020', '16:04:55', '16:05:08', '00:00:13'),
(69, 168, 3, '16/01/2020', '16:05:21', '16:05:28', '00:00:07'),
(70, 168, 3, '16/01/2020', '16:06:41', '16:06:53', '00:00:12'),
(71, 169, 2, '16/01/2020', '16:13:28', '16:13:38', '00:00:10'),
(72, 170, 2, '16/01/2020', '16:14:27', '16:14:35', '00:00:07'),
(73, 171, 2, '16/01/2020', '16:14:53', '16:15:00', '00:00:06'),
(74, 171, 2, '16/01/2020', '16:15:52', '16:16:12', '00:00:07'),
(75, 172, 3, '16/01/2020', '16:47:37', '16:47:48', '00:00:10'),
(76, 173, 3, '16/01/2020', '16:49:36', '16:49:46', '00:00:09'),
(77, 173, 3, '16/01/2020', '16:50:35', '16:50:53', '00:00:17'),
(78, 173, 3, '16/01/2020', '16:51:48', '16:52:25', '00:00:20'),
(79, 174, 3, '16/01/2020', '17:12:37', '17:13:11', '00:00:11'),
(80, 174, 3, '17/01/2020', '09:35:14', '09:38:13', '00:02:11'),
(81, 174, 3, '16/01/2020', '17:06:55', '17:07:09', '00:00:06'),
(82, 175, 2, '17/01/2020', '10:22:24', '10:22:42', '00:00:11'),
(83, 181, 2, '17/01/2020', '10:49:28', '10:49:44', '00:00:11'),
(84, 182, 3, '17/01/2020', '10:50:57', '10:51:17', '00:00:05'),
(85, 183, 2, '17/01/2020', '11:06:55', '11:07:08', '00:00:08'),
(86, 184, 2, '17/01/2020', '11:17:02', '11:17:29', '00:00:27'),
(87, 185, 2, '17/01/2020', '11:19:50', '11:19:53', '00:00:02'),
(88, 186, 2, '17/01/2020', '11:21:03', '11:21:10', '00:00:07'),
(89, 187, 2, '17/01/2020', '11:23:24', '11:23:29', '00:00:04'),
(90, 188, 2, '17/01/2020', '11:44:11', '11:44:26', '00:00:14'),
(91, 189, 2, '17/01/2020', '11:47:14', '11:47:35', '00:00:15'),
(92, 190, 2, '17/01/2020', '11:54:20', '11:54:25', '00:00:05'),
(93, 191, 2, '17/01/2020', '11:55:20', '11:55:33', '00:00:09'),
(94, 192, 2, '17/01/2020', '11:57:05', '11:57:09', '00:00:04'),
(95, 193, 2, '17/01/2020', '11:59:08', '11:59:10', '00:00:01'),
(96, 194, 2, '17/01/2020', '12:33:27', '12:33:51', '00:00:15'),
(97, 195, 2, '17/01/2020', '12:35:26', '12:35:44', '00:00:11'),
(98, 196, 2, '17/01/2020', '12:53:29', '12:53:32', '00:00:03'),
(99, 197, 2, '17/01/2020', '15:24:04', '15:24:10', '00:00:06'),
(100, 198, 2, '17/01/2020', '15:34:49', '15:34:54', '00:00:05'),
(101, 199, 2, '17/01/2020', '15:38:49', '15:38:55', '00:00:05'),
(102, 200, 2, '17/01/2020', '15:40:59', '15:41:09', '00:00:09'),
(103, 201, 2, '17/01/2020', '15:41:58', '15:42:17', '00:00:13'),
(104, 202, 2, '17/01/2020', '15:44:26', '15:45:14', '00:00:28'),
(105, 203, 2, '17/01/2020', '15:53:31', '15:54:03', '00:00:19'),
(106, 204, 2, '17/01/2020', '15:56:01', '15:56:21', '00:00:07'),
(107, 205, 2, '17/01/2020', '16:00:20', '16:01:32', '00:00:54'),
(108, 206, 2, '17/01/2020', '16:05:31', '16:05:49', '00:00:17'),
(109, 206, 2, '17/01/2020', '16:10:16', '16:10:28', '00:00:11'),
(110, 207, 2, '17/01/2020', '16:30:20', '16:30:30', '00:00:10'),
(111, 207, 2, '17/01/2020', '16:31:09', '16:31:21', '00:00:11'),
(112, 207, 2, '17/01/2020', '16:32:12', '16:32:18', '00:00:06'),
(113, 208, 2, '17/01/2020', '16:38:37', '16:38:43', '00:00:05'),
(114, 209, 2, '17/01/2020', '16:39:21', '16:39:27', '00:00:06'),
(115, 209, 2, '17/01/2020', '16:39:44', '16:39:53', '00:00:08'),
(116, 209, 2, '17/01/2020', '16:40:28', '16:40:33', '00:00:04'),
(117, 210, 2, '17/01/2020', '16:50:32', '16:50:38', '00:00:06'),
(118, 210, 2, '17/01/2020', '16:50:57', '16:51:05', '00:00:08'),
(119, 210, 2, '17/01/2020', '16:51:23', '16:51:27', '00:00:03'),
(120, 211, 2, '17/01/2020', '16:54:55', '16:54:59', '00:00:04'),
(121, 211, 2, '17/01/2020', '16:55:15', '16:55:22', '00:00:07'),
(122, 211, 2, '17/01/2020', '16:55:45', '16:55:58', '00:00:12'),
(123, 212, 2, '17/01/2020', '10:04:22', '18:04:34', '08:00:12'),
(124, 212, 2, '18/01/2020', '08:04:53', '17:04:59', '09:00:06'),
(125, 212, 2, '19/01/2020', '11:05:23', '15:05:28', '04:00:05'),
(126, 213, 2, '17/01/2020', '17:20:31', '17:20:43', '00:00:11'),
(127, 214, 2, '17/01/2020', '17:21:34', '17:21:46', '00:00:11'),
(128, 215, 2, '20/01/2020', '14:28:14', '14:28:51', '00:00:36'),
(129, 216, 2, '20/01/2020', '14:30:41', '14:30:56', '00:00:15'),
(130, 217, 2, '20/01/2020', '14:31:38', '14:32:45', '00:00:52'),
(131, 218, 2, '20/01/2020', '14:34:31', '14:35:13', '00:00:26'),
(132, 219, 2, '20/01/2020', '14:35:19', '14:35:55', '00:00:24'),
(133, 220, 2, '20/01/2020', '14:37:31', '14:38:54', '00:00:36'),
(134, 221, 2, '20/01/2020', '14:41:09', '14:42:57', '00:00:28'),
(135, 222, 2, '20/01/2020', '14:46:06', '14:46:44', '0-1:0-1:0-'),
(136, 223, 2, '20/01/2020', '14:49:30', '14:49:34', '0-1:0-1:0-'),
(137, 224, 2, '20/01/2020', '14:52:29', '14:53:52', '00:00:35'),
(138, 225, 2, '20/01/2020', '15:00:52', '15:01:11', '0-1:0-1:0-'),
(139, 226, 2, '20/01/2020', '15:11:23', '15:12:18', '00:00:33'),
(140, 227, 2, '20/01/2020', '15:16:31', '15:17:18', '00:00:27'),
(141, 228, 2, '20/01/2020', '15:22:02', '15:22:28', '00:00:14'),
(142, 229, 2, '20/01/2020', '15:27:16', '15:27:42', '00:00:13'),
(143, 230, 2, '20/01/2020', '15:33:50', '15:33:59', '00:00:05'),
(144, 231, 2, '20/01/2020', '15:37:57', '15:38:11', '00:00:07'),
(145, 232, 2, '20/01/2020', '15:42:17', '15:42:45', '00:00:13'),
(146, 233, 2, '20/01/2020', '15:51:35', '15:52:02', '00:00:09'),
(147, 234, 2, '20/01/2020', '16:00:19', '16:00:45', '00:00:13'),
(148, 235, 2, '20/01/2020', '16:23:48', '16:24:13', '00:00:12'),
(149, 236, 2, '20/01/2020', '16:26:48', '16:27:11', '00:00:12'),
(150, 237, 2, '20/01/2020', '16:32:13', '16:32:53', '00:00:25'),
(151, 238, 2, '20/01/2020', '16:33:37', '17:04:40', '00:30:53'),
(152, 241, 2, '21/01/2020', '14:19:24', '14:19:31', '00:00:06'),
(153, 242, 2, '21/01/2020', '14:20:09', '14:20:23', '00:00:08'),
(154, 243, 2, '21/01/2020', '14:21:39', '14:22:07', '00:00:15'),
(155, 244, 2, '21/01/2020', '14:22:39', '14:23:08', '00:00:19'),
(156, 246, 2, '21/01/2020', '14:35:09', '14:35:27', '00:00:08'),
(157, 247, 2, '21/01/2020', '14:37:22', '14:37:45', '00:00:13'),
(158, 254, 2, '21/01/2020', '15:09:08', '15:09:15', '00:00:03'),
(159, 255, 3, '21/01/2020', '15:30:51', '15:31:20', '00:00:24'),
(160, 257, 3, '21/01/2020', '15:42:59', '15:43:07', '00:00:07'),
(161, 258, 2, '21/01/2020', '15:46:02', '15:46:09', '00:00:07'),
(162, 259, 2, '21/01/2020', '15:48:24', '15:48:30', '00:00:03'),
(163, 260, 2, '21/01/2020', '15:53:41', '15:53:47', '00:00:05'),
(164, 261, 2, '21/01/2020', '15:54:09', '15:54:14', '00:00:05'),
(165, 262, 3, '21/01/2020', '15:53:32', '15:54:29', '00:00:57'),
(166, 263, 2, '21/01/2020', '16:27:19', '16:27:28', '00:00:08'),
(167, 264, 3, '21/01/2020', '16:27:03', '16:33:58', '00:06:45'),
(168, 265, 3, '21/01/2020', '16:39:33', '16:40:14', '00:00:41'),
(169, 266, 3, '21/01/2020', '16:42:27', '16:43:15', '00:00:48'),
(170, 267, 2, '21/01/2020', '16:42:57', '16:43:36', '00:00:38'),
(171, 268, 3, '21/01/2020', '16:44:25', '16:45:09', '00:00:44'),
(172, 269, 3, '21/01/2020', '16:51:36', '16:52:16', '00:00:40'),
(173, 270, 3, '21/01/2020', '16:59:49', '17:00:21', '00:00:32'),
(174, 271, 3, '21/01/2020', '17:06:40', '17:07:14', '00:00:33'),
(175, 272, 3, '21/01/2020', '17:15:44', '17:16:20', '00:00:35'),
(176, 273, 3, '21/01/2020', '17:26:22', '17:26:59', '00:00:36'),
(177, 274, 4, '21/01/2020', '17:26:31', '17:28:01', '00:01:16'),
(178, 275, 7, '22/01/2020', '14:25:26', '14:26:13', '00:00:47'),
(179, 276, 4, '22/01/2020', '14:25:14', '14:27:41', '00:02:27'),
(180, 277, 3, '22/01/2020', '14:25:05', '14:29:24', '00:03:51'),
(181, 278, 2, '22/01/2020', '14:25:36', '14:33:35', '00:07:30'),
(182, 279, 7, '22/01/2020', '14:27:08', '14:38:07', '00:10:17'),
(183, 280, 4, '22/01/2020', '14:28:37', '14:42:45', '00:12:38'),
(184, 281, 4, '22/01/2020', '15:02:24', '15:06:20', '00:03:55'),
(185, 282, 4, '22/01/2020', '15:30:24', '15:30:47', '00:00:22'),
(186, 283, 3, '22/01/2020', '15:29:56', '15:30:10', '00:00:14'),
(187, 283, 3, '22/01/2020', '16:10:07', '16:10:24', '00:00:16'),
(188, 284, 4, '22/01/2020', '15:38:46', '15:54:21', '00:15:35'),
(189, 284, 4, '22/01/2020', '16:10:18', '16:10:30', '00:00:12'),
(190, 285, 3, '22/01/2020', '16:17:47', '16:18:05', '00:00:17'),
(191, 286, 4, '22/01/2020', '16:17:59', '16:18:29', '00:00:30'),
(192, 287, 3, '07/02/2020', '14:27:41', '14:29:22', '00:01:40'),
(193, 288, 3, '11/02/2020', '17:50:21', '17:51:34', '00:01:13'),
(194, 289, 3, '11/02/2020', '17:51:56', '17:52:11', '00:00:07'),
(195, 290, 3, '11/02/2020', '17:52:40', '17:52:59', '00:00:11'),
(196, 291, 3, '11/02/2020', '17:59:11', '17:59:16', '00:00:05');

-- --------------------------------------------------------

--
-- Estructura de tabla para la tabla `trabajo`
--

CREATE TABLE `trabajo` (
  `IdTrabajo` int(11) NOT NULL,
  `IdOt` int(11) NOT NULL,
  `IdOperador` int(11) NOT NULL,
  `Fecha` varchar(20) COLLATE utf8_spanish2_ci NOT NULL,
  `FechaFin` varchar(20) COLLATE utf8_spanish2_ci NOT NULL,
  `HoraInicio` varchar(20) COLLATE utf8_spanish2_ci NOT NULL,
  `HoraFin` varchar(20) COLLATE utf8_spanish2_ci NOT NULL,
  `TotalTiempo` varchar(20) COLLATE utf8_spanish2_ci NOT NULL
) ENGINE=InnoDB DEFAULT CHARSET=utf8 COLLATE=utf8_spanish2_ci;

--
-- Volcado de datos para la tabla `trabajo`
--

INSERT INTO `trabajo` (`IdTrabajo`, `IdOt`, `IdOperador`, `Fecha`, `FechaFin`, `HoraInicio`, `HoraFin`, `TotalTiempo`) VALUES
(2, 1, 3, '04/12/2019', '', '08:10:01', '13:11:02', '05:01:01'),
(3, 2, 4, '30/11/2019', '', '06:45:00', '14:00:00', '08:45:00'),
(4, 24, 2, '14/12/2019', '', '11:53:27', '11:53:29', '00:00:02'),
(5, 24, 2, '14/12/2019', '', '11:57:43', '11:57:47', '00:00:06'),
(6, 8, 3, '14/12/2019', '', '12:12:32', '12:12:40', '00:00:08'),
(7, 25, 3, '14/12/2019', '', '12:28:57', '12:29:00', '00:00:03'),
(8, 13, 1, '15/12/2019', '', '11:25:23', '11:25:26', '00:00:03'),
(9, 8, 2, '15/12/2019', '', '11:33:31', '11:33:33', '00:00:02'),
(10, 24, 2, '15/12/2019', '', '11:39:04', '11:39:18', '00:00:14'),
(11, 24, 2, '15/12/2019', '', '11:41:53', '11:42:09', '00:00:16'),
(12, 24, 2, '15/12/2019', '', '11:46:47', '11:46:58', '00:00:11'),
(13, 24, 2, '15/12/2019', '', '11:52:31', '11:52:37', '00:00:06'),
(14, 24, 2, '15/12/2019', '', '12:04:38', '12:04:49', '00:00:11'),
(15, 24, 2, '15/12/2019', '', '12:06:10', '12:06:18', '00:00:08'),
(16, 24, 3, '15/12/2019', '', '12:08:34', '12:08:44', '00:00:10'),
(17, 24, 2, '15/12/2019', '', '12:11:14', '12:11:24', '00:00:10'),
(18, 24, 3, '15/12/2019', '', '12:18:26', '12:18:35', '00:00:09'),
(19, 24, 3, '15/12/2019', '', '12:20:54', '12:21:04', '00:00:10'),
(20, 24, 2, '15/12/2019', '', '12:22:42', '12:22:50', '00:00:08'),
(21, 24, 2, '15/12/2019', '', '12:24:35', '12:24:43', '00:00:08'),
(22, 24, 3, '15/12/2019', '', '12:28:30', '12:28:39', '00:00:09'),
(23, 24, 2, '15/12/2019', '', '12:29:50', '12:29:59', '00:00:09'),
(24, 24, 2, '15/12/2019', '', '12:43:01', '12:43:10', '00:00:09'),
(25, 24, 2, '15/12/2019', '', '12:59:25', '12:59:38', '00:00:13'),
(26, 24, 2, '15/12/2019', '', '13:01:58', '13:02:10', '00:00:12'),
(27, 26, 2, '15/12/2019', '', '13:03:04', '13:03:23', '00:00:19'),
(28, 24, 2, '15/12/2019', '', '13:36:57', '13:37:12', '00:00:15'),
(29, 24, 2, '15/12/2019', '', '13:44:52', '13:46:03', '00:01:11'),
(30, 24, 2, '15/12/2019', '', '13:53:40', '13:55:01', '00:01:21'),
(31, 24, 2, '15/12/2019', '', '13:58:57', '14:00:43', '00:01:46'),
(32, 24, 3, '15/12/2019', '', '14:04:04', '14:05:14', '00:01:10'),
(33, 24, 2, '15/12/2019', '', '14:07:37', '14:09:15', '00:01:38'),
(34, 24, 2, '15/12/2019', '', '14:16:55', '14:18:22', '00:01:27'),
(35, 24, 2, '15/12/2019', '', '14:19:34', '14:20:55', '00:01:21'),
(36, 24, 2, '15/12/2019', '', '14:24:31', '14:24:39', '00:00:08'),
(37, 24, 2, '15/12/2019', '', '16:35:50', '16:36:00', '00:00:10'),
(38, 24, 2, '15/12/2019', '', '16:41:19', '16:44:07', '00:02:48'),
(39, 24, 2, '15/12/2019', '', '18:10:58', '18:11:12', '00:00:14'),
(40, 24, 2, '15/12/2019', '', '18:12:26', '18:12:42', '00:00:16'),
(41, 24, 2, '15/12/2019', '', '18:17:11', '18:17:14', '00:00:03'),
(42, 24, 2, '15/12/2019', '', '18:18:14', '18:18:15', '00:00:01'),
(43, 24, 2, '15/12/2019', '', '18:20:12', '18:20:28', '00:00:16'),
(44, 24, 2, '15/12/2019', '', '18:27:00', '18:27:16', '00:00:16'),
(45, 24, 2, '15/12/2019', '', '18:28:52', '18:29:07', '00:00:09'),
(46, 24, 2, '15/12/2019', '', '18:30:41', '18:30:55', '00:00:14'),
(47, 24, 2, '15/12/2019', '', '18:31:58', '18:32:10', '00:00:12'),
(48, 24, 2, '15/12/2019', '', '18:35:14', '18:35:24', '00:00:10'),
(49, 24, 2, '15/12/2019', '', '18:44:42', '18:44:59', '00:00:17'),
(50, 24, 2, '15/12/2019', '', '18:50:20', '18:50:29', '00:00:09'),
(51, 24, 2, '15/12/2019', '', '18:52:09', '18:52:24', '00:00:15'),
(52, 24, 2, '15/12/2019', '', '18:54:49', '18:54:59', '00:00:10'),
(53, 24, 2, '15/12/2019', '', '18:57:07', '18:57:17', '00:00:10'),
(54, 24, 2, '15/12/2019', '', '18:58:05', '18:58:15', '00:00:10'),
(55, 24, 2, '15/12/2019', '', '19:00:22', '19:00:37', '00:00:15'),
(56, 24, 2, '15/12/2019', '', '19:02:42', '19:03:02', '00:00:20'),
(57, 24, 2, '15/12/2019', '', '19:07:54', '19:08:12', '00:00:10'),
(58, 27, 2, '16/12/2019', '', '09:19:38', '09:20:32', '00:00:20'),
(59, 8, 2, '16/12/2019', '', '09:22:21', '09:22:29', '00:00:08'),
(60, 24, 2, '16/12/2019', '', '09:28:02', '09:28:13', '00:00:07'),
(61, 24, 2, '16/12/2019', '', '09:28:32', '09:28:37', '00:00:05'),
(62, 24, 2, '16/12/2019', '', '09:32:57', '09:33:01', '00:00:04'),
(63, 24, 2, '16/12/2019', '', '09:33:57', '09:34:00', '00:00:03'),
(64, 24, 2, '16/12/2019', '', '09:38:19', '09:38:23', '00:00:04'),
(65, 24, 2, '16/12/2019', '', '09:38:56', '09:38:58', '00:00:02'),
(66, 24, 3, '16/12/2019', '', '09:43:13', '09:43:23', '00:00:06'),
(67, 24, 3, '16/12/2019', '', '09:44:57', '09:45:48', '00:00:13'),
(68, 28, 2, '16/12/2019', '', '10:03:21', '10:03:26', '00:00:05'),
(69, 24, 3, '16/12/2019', '', '10:45:08', '10:45:46', '00:00:29'),
(70, 24, 2, '16/12/2019', '', '11:13:50', '11:13:55', '00:00:05'),
(71, 24, 2, '16/12/2019', '', '11:21:47', '11:21:51', '00:00:04'),
(72, 24, 2, '16/12/2019', '', '11:22:22', '11:22:38', '00:00:11'),
(73, 24, 2, '16/12/2019', '', '11:26:06', '11:26:32', '00:00:15'),
(74, 24, 2, '16/12/2019', '', '11:29:19', '11:29:23', '00:00:04'),
(75, 24, 2, '16/12/2019', '', '11:32:24', '11:33:05', '00:00:29'),
(76, 24, 2, '16/12/2019', '', '11:37:18', '11:37:27', '00:00:06'),
(77, 24, 3, '16/12/2019', '', '11:37:42', '11:37:44', '00:00:02'),
(78, 24, 1, '16/12/2019', '', '11:37:57', '11:38:10', '00:00:07'),
(79, 8, 3, '17/12/2019', '', '09:20:00', '09:24:33', '00:02:53'),
(80, 4, 5, '17/12/2019', '', '09:26:13', '09:26:20', '00:00:07'),
(81, 11, 6, '17/12/2019', '', '09:26:56', '09:27:02', '00:00:06'),
(82, 24, 1, '17/12/2019', '', '09:30:31', '09:30:34', '00:00:03'),
(83, 24, 2, '18/12/2019', '', '11:16:34', '11:17:16', '00:00:34'),
(84, 24, 2, '18/12/2019', '', '12:05:44', '12:05:48', '00:00:04'),
(85, 24, 4, '18/12/2019', '', '12:05:34', '12:06:19', '00:00:45'),
(86, 24, 3, '18/12/2019', '', '12:05:04', '12:06:30', '00:00:36'),
(87, 28, 2, '26/12/2019', '', '10:58:12', '10:58:18', '00:00:06'),
(88, 24, 2, '26/12/2019', '', '15:24:13', '15:29:06', '00:04:32'),
(89, 29, 1, '06/01/2020', '', '15:12:57', '17:08:04', '01:55:07'),
(90, 29, 4, '06/01/2020', '', '14:37:06', '17:09:33', '02:32:27'),
(91, 29, 2, '06/01/2020', '', '14:23:59', '17:12:32', '02:48:33'),
(92, 29, 2, '07/01/2020', '', '15:43:50', '15:44:06', '00:00:16'),
(93, 29, 2, '07/01/2020', '', '15:44:46', '15:45:07', '00:00:21'),
(94, 29, 2, '07/01/2020', '', '15:45:50', '15:46:13', '00:00:23'),
(95, 29, 2, '07/01/2020', '', '15:47:49', '15:48:39', '00:00:50'),
(96, 29, 2, '07/01/2020', '', '15:55:06', '15:55:23', '00:00:17'),
(97, 29, 2, '07/01/2020', '', '16:00:40', '16:01:06', '00:00:18'),
(98, 29, 3, '07/01/2020', '', '16:03:33', '16:04:09', '00:00:20'),
(99, 29, 2, '07/01/2020', '', '16:34:13', '16:35:46', '00:01:33'),
(100, 29, 2, '07/01/2020', '', '17:03:13', '17:12:31', '00:09:18'),
(101, 29, 2, '09/01/2020', '', '15:33:08', '15:33:16', '00:00:08'),
(102, 29, 2, '10/01/2020', '', '09:49:15', '09:49:23', '00:00:08'),
(103, 29, 2, '10/01/2020', '', '09:50:48', '09:51:06', '00:00:06'),
(104, 29, 3, '10/01/2020', '', '10:15:12', '10:15:18', '00:00:06'),
(105, 29, 2, '10/01/2020', '', '12:29:53', '12:37:49', '00:07:49'),
(106, 29, 2, '10/01/2020', '', '12:29:53', '12:39:39', '00:09:46'),
(107, 29, 2, '10/01/2020', '', '12:29:53', '12:56:33', '00:26:40'),
(108, 29, 2, '10/01/2020', '', '13:00:44', '13:01:38', '00:00:54'),
(109, 29, 2, '10/01/2020', '', '13:00:44', '13:04:12', '00:03:17'),
(110, 29, 2, '10/01/2020', '', '13:00:44', '13:05:29', '00:04:45'),
(111, 29, 2, '10/01/2020', '', '13:00:44', '13:07:18', '00:06:34'),
(112, 29, 2, '10/01/2020', '', '13:00:44', '13:08:42', '00:07:58'),
(113, 29, 2, '10/01/2020', '', '13:00:44', '13:09:32', '00:08:48'),
(114, 29, 2, '10/01/2020', '', '13:00:44', '13:10:20', '00:09:36'),
(115, 29, 2, '10/01/2020', '', '13:00:44', '13:10:46', '00:10:02'),
(116, 29, 2, '10/01/2020', '', '13:00:44', '13:33:33', '00:32:49'),
(117, 29, 2, '10/01/2020', '', '13:00:44', '13:36:59', '00:36:05'),
(118, 29, 2, '10/01/2020', '', '13:00:44', '13:39:04', '00:38:09'),
(119, 29, 2, '10/01/2020', '', '13:00:44', '13:44:52', '00:43:57'),
(120, 29, 2, '10/01/2020', '', '13:00:44', '13:47:01', '00:46:17'),
(121, 29, 2, '10/01/2020', '', '13:00:44', '13:48:23', '00:47:29'),
(122, 29, 2, '10/01/2020', '', '13:00:44', '13:51:34', '00:50:39'),
(123, 29, 2, '10/01/2020', '', '13:00:44', '13:52:21', '00:51:27'),
(124, 29, 2, '10/01/2020', '', '13:00:44', '13:54:00', '00:53:05'),
(125, 29, 2, '10/01/2020', '', '13:00:44', '14:19:02', '01:18:07'),
(126, 29, 2, '10/01/2020', '', '13:00:44', '14:22:38', '01:21:44'),
(127, 29, 2, '10/01/2020', '', '13:00:44', '14:25:41', '01:24:47'),
(128, 29, 2, '10/01/2020', '', '13:00:44', '14:26:18', '01:25:23'),
(129, 29, 2, '10/01/2020', '', '13:00:44', '14:35:34', '01:34:39'),
(130, 29, 2, '10/01/2020', '', '13:00:44', '14:38:02', '01:37:08'),
(131, 29, 2, '10/01/2020', '', '13:00:44', '14:40:22', '01:39:27'),
(132, 29, 2, '10/01/2020', '', '13:00:44', '14:43:52', '01:42:57'),
(133, 29, 2, '10/01/2020', '', '16:28:26', '16:28:58', '00:00:19'),
(134, 29, 2, '10/01/2020', '', '16:34:22', '16:34:51', '00:00:17'),
(135, 29, 2, '13/01/2020', '', '14:22:35', '14:39:38', '00:16:46'),
(136, 29, 2, '13/01/2020', '', '14:22:35', '14:41:40', '00:18:43'),
(137, 29, 2, '13/01/2020', '', '14:22:35', '15:22:37', '00:59:40'),
(138, 29, 2, '13/01/2020', '', '14:22:35', '15:32:48', '01:09:51'),
(139, 29, 2, '13/01/2020', '', '14:22:35', '15:35:29', '01:12:32'),
(140, 29, 2, '13/01/2020', '', '14:22:35', '15:39:24', '01:16:26'),
(141, 29, 2, '13/01/2020', '', '14:22:35', '15:46:48', '01:23:50'),
(142, 29, 2, '13/01/2020', '', '14:22:35', '15:49:14', '01:26:17'),
(143, 29, 2, '13/01/2020', '', '14:22:35', '15:59:57', '01:37:00'),
(144, 29, 2, '13/01/2020', '', '14:22:35', '16:03:29', '01:40:32'),
(145, 29, 2, '13/01/2020', '', '14:22:35', '16:08:36', '01:46:01'),
(146, 29, 2, '13/01/2020', '', '14:22:35', '16:11:36', '01:48:40'),
(147, 29, 2, '13/01/2020', '', '14:22:35', '16:27:55', '02:04:58'),
(148, 29, 2, '13/01/2020', '', '14:22:35', '16:37:00', '02:14:25'),
(149, 29, 2, '13/01/2020', '', '14:22:35', '16:40:14', '02:17:39'),
(150, 29, 2, '13/01/2020', '', '14:22:35', '16:43:09', '02:20:12'),
(151, 29, 2, '13/01/2020', '', '14:22:35', '16:44:36', '02:21:39'),
(152, 29, 2, '13/01/2020', '', '17:12:06', '17:12:41', '00:00:28'),
(153, 29, 2, '14/01/2020', '', '16:37:01', '16:37:13', '00:00:12'),
(154, 29, 2, '14/01/2020', '', '16:38:35', '16:39:10', '00:00:19'),
(155, 29, 2, '14/01/2020', '', '16:41:05', '16:41:21', '00:00:10'),
(156, 29, 2, '15/01/2020', '', '14:27:48', '14:28:29', '00:00:34'),
(157, 29, 2, '15/01/2020', '', '14:34:05', '14:34:29', '00:00:13'),
(158, 29, 2, '15/01/2020', '', '14:41:22', '14:41:52', '00:00:14'),
(159, 29, 2, '16/01/2020', '', '14:35:51', '14:41:16', '00:05:25'),
(160, 29, 2, '16/01/2020', '', '15:28:56', '15:32:36', '00:03:40'),
(161, 29, 2, '16/01/2020', '', '15:36:48', '15:39:11', '00:02:23'),
(162, 29, 2, '16/01/2020', '', '15:40:16', '15:44:13', '00:03:57'),
(163, 29, 2, '16/01/2020', '', '15:48:38', '15:48:49', '00:00:11'),
(164, 29, 2, '16/01/2020', '', '15:49:31', '15:50:05', '00:00:34'),
(165, 29, 2, '16/01/2020', '', '15:51:49', '15:52:17', '00:00:28'),
(166, 29, 3, '16/01/2020', '', '15:54:47', '15:54:54', '00:00:07'),
(167, 29, 3, '16/01/2020', '', '16:04:55', '16:05:08', '00:00:13'),
(168, 29, 3, '16/01/2020', '', '16:05:21', '16:06:53', '00:01:32'),
(169, 29, 2, '16/01/2020', '', '16:13:28', '16:13:38', '00:00:10'),
(170, 29, 2, '16/01/2020', '', '16:14:27', '16:14:35', '00:00:08'),
(171, 29, 2, '16/01/2020', '', '16:14:53', '16:16:12', '00:01:05'),
(172, 30, 3, '16/01/2020', '', '16:47:37', '16:47:48', '00:00:11'),
(173, 31, 3, '16/01/2020', '', '16:49:36', '16:52:25', '00:02:32'),
(174, 32, 3, '16/01/2020', '', '17:06:55', '09:38:13', '16:30:28'),
(175, 28, 2, '17/01/2020', '', '10:22:24', '10:22:42', '00:00:11'),
(176, 29, 2, '17/01/2020', '', '10:25:40', '10:25:49', '00:00:09'),
(177, 29, 2, '17/01/2020', '', '10:27:11', '10:27:37', '00:00:14'),
(178, 28, 2, '17/01/2020', '', '10:38:34', '10:39:03', '00:00:18'),
(179, 29, 2, '17/01/2020', '', '10:42:41', '10:42:45', '00:00:04'),
(180, 29, 2, '17/01/2020', '', '10:47:11', '10:47:29', '00:00:11'),
(181, 29, 2, '17/01/2020', '', '10:49:28', '10:49:44', '00:00:11'),
(182, 29, 3, '17/01/2020', '', '10:50:57', '10:51:17', '00:00:05'),
(183, 29, 2, '17/01/2020', '', '11:06:55', '11:07:08', '00:00:08'),
(184, 29, 2, '17/01/2020', '', '11:17:02', '11:17:29', '00:00:27'),
(185, 29, 2, '17/01/2020', '', '11:19:50', '11:19:53', '00:00:03'),
(186, 29, 2, '17/01/2020', '', '11:21:03', '11:21:10', '00:00:07'),
(187, 29, 2, '17/01/2020', '', '11:23:24', '11:23:29', '00:00:05'),
(188, 29, 2, '17/01/2020', '', '11:44:11', '11:44:26', ''),
(189, 28, 2, '17/01/2020', '', '11:47:14', '11:47:35', ''),
(190, 29, 2, '17/01/2020', '', '11:54:20', '11:54:25', ''),
(191, 29, 2, '17/01/2020', '', '11:55:20', '11:55:33', '00:00:09'),
(192, 29, 2, '17/01/2020', '', '11:57:05', '11:57:09', '00:00:09'),
(193, 29, 2, '17/01/2020', '', '11:59:08', '11:59:10', '00:00:09'),
(194, 29, 2, '17/01/2020', '', '12:33:27', '12:33:51', ''),
(195, 29, 2, '17/01/2020', '', '12:35:26', '12:35:44', '00:00:11'),
(196, 29, 2, '17/01/2020', '', '12:53:29', '12:53:32', ''),
(197, 29, 2, '17/01/2020', '', '15:24:04', '15:24:10', ''),
(198, 29, 2, '17/01/2020', '', '15:34:49', '15:34:54', '0:0:5'),
(199, 29, 2, '17/01/2020', '', '15:38:49', '15:38:55', '00:0:5'),
(200, 29, 2, '17/01/2020', '', '15:40:59', '15:41:09', '00:00:09'),
(201, 29, 2, '17/01/2020', '', '15:41:58', '15:42:17', '00:00:13'),
(202, 29, 2, '17/01/2020', '', '15:44:26', '15:45:14', '00:00:28'),
(203, 29, 2, '17/01/2020', '', '15:53:31', '15:54:03', '00:00:19'),
(204, 29, 2, '17/01/2020', '', '15:56:01', '15:56:21', '00:00:07'),
(205, 29, 2, '17/01/2020', '', '16:00:20', '16:01:32', '00:00:54'),
(206, 29, 2, '17/01/2020', '', '16:05:31', '16:10:28', '00:00:17'),
(207, 29, 2, '17/01/2020', '', '16:30:20', '16:32:18', '00:00:16'),
(208, 29, 2, '17/01/2020', '', '16:38:37', '16:38:43', '00:00:05'),
(209, 29, 2, '17/01/2020', '', '16:39:21', '16:40:33', '00:00:10'),
(210, 29, 2, '17/01/2020', '', '16:50:32', '16:51:27', '00:00:09'),
(211, 29, 2, '17/01/2020', '', '16:54:55', '16:55:58', '00:00:16'),
(212, 29, 2, '17/01/2020', '', '10:04:22', '15:05:28', '21:00:23'),
(213, 29, 2, '17/01/2020', '', '17:20:31', '17:20:43', '00:00:11'),
(214, 24, 2, '17/01/2020', '', '17:21:34', '17:21:46', '00:00:11'),
(215, 29, 2, '20/01/2020', '', '14:28:14', '14:28:51', '00:00:36'),
(216, 29, 2, '20/01/2020', '', '14:30:41', '14:30:56', '00:00:15'),
(217, 29, 2, '20/01/2020', '', '14:31:38', '14:32:45', '00:00:52'),
(218, 29, 2, '20/01/2020', '', '14:34:31', '14:35:13', '00:00:26'),
(219, 29, 2, '20/01/2020', '', '14:35:19', '14:35:55', '00:00:24'),
(220, 29, 2, '20/01/2020', '', '14:37:31', '14:38:54', '00:00:36'),
(221, 29, 2, '20/01/2020', '', '14:41:09', '14:42:57', '00:00:28'),
(222, 29, 2, '20/01/2020', '', '14:46:06', '14:46:44', '00:00:00'),
(223, 29, 2, '20/01/2020', '', '14:49:30', '14:49:34', '00:00:00'),
(224, 29, 2, '20/01/2020', '', '14:52:29', '14:53:52', '00:00:35'),
(225, 29, 2, '20/01/2020', '', '15:00:52', '15:01:11', '0-1:0-1:0-3'),
(226, 29, 2, '20/01/2020', '', '15:11:23', '15:12:18', '00:00:33'),
(227, 29, 2, '20/01/2020', '', '15:16:31', '15:17:18', '00:00:27'),
(228, 29, 2, '20/01/2020', '', '15:22:02', '15:22:28', '00:00:14'),
(229, 29, 2, '20/01/2020', '', '15:27:16', '15:27:42', '00:00:13'),
(230, 29, 2, '20/01/2020', '', '15:33:50', '15:33:59', '00:00:05'),
(231, 29, 2, '20/01/2020', '', '15:37:57', '15:38:11', '00:00:07'),
(232, 29, 2, '20/01/2020', '', '15:42:17', '15:42:45', '00:00:13'),
(233, 29, 2, '20/01/2020', '', '15:51:35', '15:52:02', '00:00:09'),
(234, 29, 2, '20/01/2020', '', '16:00:19', '16:00:45', '00:00:13'),
(235, 29, 2, '20/01/2020', '', '16:23:48', '16:24:13', '00:00:12'),
(236, 29, 2, '20/01/2020', '', '16:26:47', '16:27:11', '00:00:11'),
(237, 29, 2, '20/01/2020', '', '16:32:13', '16:32:53', '00:00:25'),
(238, 29, 2, '20/01/2020', '', '16:33:37', '17:04:40', '00:30:53'),
(239, 29, 2, '20/01/2020', '', '17:05:51', '17:06:58', '00:01:07'),
(240, 29, 2, '20/01/2020', '', '17:24:26', '17:25:09', '00:00:43'),
(241, 29, 2, '21/01/2020', '', '14:19:24', '14:19:31', '00:00:06'),
(242, 29, 2, '21/01/2020', '', '14:20:09', '14:20:23', '00:00:08'),
(243, 29, 2, '21/01/2020', '', '14:21:39', '14:22:07', '00:00:15'),
(244, 29, 2, '21/01/2020', '', '14:22:39', '14:23:08', '00:00:19'),
(245, 29, 4, '21/01/2020', '', '14:23:56', '14:25:04', '00:01:08'),
(246, 29, 2, '21/01/2020', '', '14:35:09', '14:35:27', '00:00:08'),
(247, 29, 2, '21/01/2020', '', '14:37:22', '14:37:45', '00:00:13'),
(248, 29, 2, '21/01/2020', '', '14:38:35', '14:39:03', '00:00:28'),
(249, 29, 2, '21/01/2020', '', '14:42:36', '14:42:43', '00:00:07'),
(250, 29, 2, '21/01/2020', '', '14:48:22', '14:48:31', '00:00:09'),
(251, 29, 2, '21/01/2020', '', '14:51:00', '14:51:07', '00:00:07'),
(252, 29, 2, '21/01/2020', '', '14:53:54', '14:54:17', '00:00:23'),
(253, 29, 2, '21/01/2020', '', '15:05:08', '15:05:16', '00:00:08'),
(254, 29, 2, '21/01/2020', '', '15:09:08', '15:09:15', '00:00:03'),
(255, 29, 3, '21/01/2020', '', '15:30:51', '15:31:20', '00:00:24'),
(256, 29, 4, '21/01/2020', '', '15:40:13', '15:40:22', '00:00:09'),
(257, 29, 3, '21/01/2020', '', '15:42:59', '15:43:07', '00:00:07'),
(258, 29, 2, '21/01/2020', '', '15:46:02', '15:46:09', '00:00:07'),
(259, 29, 2, '21/01/2020', '', '15:48:24', '15:48:30', '00:00:03'),
(260, 29, 2, '21/01/2020', '', '15:53:41', '15:53:47', '00:00:05'),
(261, 29, 2, '21/01/2020', '', '15:54:09', '15:54:14', '00:00:05'),
(262, 29, 3, '21/01/2020', '', '15:53:32', '15:54:29', '00:00:57'),
(263, 29, 2, '21/01/2020', '', '16:27:19', '16:27:28', '00:00:08'),
(264, 29, 3, '21/01/2020', '', '16:27:03', '16:33:58', '00:06:45'),
(265, 29, 3, '21/01/2020', '', '16:39:33', '16:40:14', '00:00:41'),
(266, 29, 3, '21/01/2020', '', '16:42:27', '16:43:15', '00:00:48'),
(267, 29, 2, '21/01/2020', '', '16:42:57', '16:43:36', '00:00:38'),
(268, 29, 3, '21/01/2020', '', '16:44:25', '16:45:09', '00:00:44'),
(269, 29, 3, '21/01/2020', '', '16:51:36', '16:52:16', '00:00:40'),
(270, 29, 3, '21/01/2020', '', '16:59:49', '17:00:21', '00:00:32'),
(271, 29, 3, '21/01/2020', '', '17:06:40', '17:07:14', '00:00:33'),
(272, 29, 3, '21/01/2020', '', '17:15:44', '17:16:20', '00:00:35'),
(273, 29, 3, '21/01/2020', '', '17:26:22', '17:26:59', '00:00:36'),
(274, 29, 4, '21/01/2020', '', '17:26:31', '17:28:01', '00:01:16'),
(275, 29, 7, '22/01/2020', '', '14:25:26', '14:26:13', '00:00:47'),
(276, 29, 4, '22/01/2020', '', '14:25:14', '14:27:41', '00:02:27'),
(277, 29, 3, '22/01/2020', '', '14:25:05', '14:29:24', '00:03:51'),
(278, 29, 2, '22/01/2020', '', '14:25:36', '14:33:35', '00:07:30'),
(279, 29, 7, '22/01/2020', '', '14:27:08', '14:38:07', '00:10:17'),
(280, 29, 4, '22/01/2020', '', '14:28:37', '14:42:45', '00:12:38'),
(281, 29, 4, '22/01/2020', '', '15:02:24', '15:06:20', '00:03:55'),
(282, 29, 4, '22/01/2020', '', '15:30:24', '15:30:47', '00:00:22'),
(283, 29, 3, '22/01/2020', '', '15:29:56', '16:10:24', '00:00:30'),
(284, 29, 4, '22/01/2020', '', '15:38:46', '16:10:30', '00:15:47'),
(285, 29, 3, '22/01/2020', '', '16:17:47', '16:18:05', '00:00:17'),
(286, 29, 4, '22/01/2020', '22/01/2020', '16:17:59', '16:18:29', '00:00:30'),
(287, 29, 3, '07/02/2020', '', '14:27:41', '14:29:22', '00:01:40'),
(288, 28, 3, '11/02/2020', '', '17:50:21', '17:51:34', '00:01:13'),
(289, 28, 3, '11/02/2020', '', '17:51:56', '17:52:11', '00:00:07'),
(290, 28, 3, '11/02/2020', '', '17:52:40', '17:52:59', '00:00:11'),
(291, 28, 3, '11/02/2020', '11/02/2020', '17:59:11', '17:59:16', '00:00:05');

--
-- Índices para tablas volcadas
--

--
-- Indices de la tabla `administrador`
--
ALTER TABLE `administrador`
  ADD PRIMARY KEY (`IdAdmin`),
  ADD UNIQUE KEY `Rut` (`Rut`);

--
-- Indices de la tabla `motivopausa`
--
ALTER TABLE `motivopausa`
  ADD PRIMARY KEY (`IdMotivoPausa`);

--
-- Indices de la tabla `operador`
--
ALTER TABLE `operador`
  ADD PRIMARY KEY (`IdOperador`),
  ADD UNIQUE KEY `Rut` (`Rut`),
  ADD KEY `FK_puestotrabajador` (`IdPuestoTrabajador`);

--
-- Indices de la tabla `ot`
--
ALTER TABLE `ot`
  ADD PRIMARY KEY (`IdOt`),
  ADD UNIQUE KEY `Codigo` (`Codigo`);

--
-- Indices de la tabla `pausa`
--
ALTER TABLE `pausa`
  ADD PRIMARY KEY (`IdPausa`),
  ADD KEY `FK_trabajo` (`IdTrabajo`),
  ADD KEY `FK_motivopausa` (`IdMotivoPausa`);

--
-- Indices de la tabla `puestotrabajador`
--
ALTER TABLE `puestotrabajador`
  ADD PRIMARY KEY (`IdPuestoTrabajador`);

--
-- Indices de la tabla `tiempo`
--
ALTER TABLE `tiempo`
  ADD PRIMARY KEY (`IdTiempo`),
  ADD KEY `FK_operador` (`IdOperador`),
  ADD KEY `FK_trabajo` (`IdTrabajo`) USING BTREE;

--
-- Indices de la tabla `trabajo`
--
ALTER TABLE `trabajo`
  ADD PRIMARY KEY (`IdTrabajo`),
  ADD KEY `FK_ot` (`IdOt`),
  ADD KEY `FK_operador` (`IdOperador`) USING BTREE;

--
-- AUTO_INCREMENT de las tablas volcadas
--

--
-- AUTO_INCREMENT de la tabla `administrador`
--
ALTER TABLE `administrador`
  MODIFY `IdAdmin` int(11) NOT NULL AUTO_INCREMENT, AUTO_INCREMENT=17;

--
-- AUTO_INCREMENT de la tabla `motivopausa`
--
ALTER TABLE `motivopausa`
  MODIFY `IdMotivoPausa` int(11) NOT NULL AUTO_INCREMENT, AUTO_INCREMENT=4;

--
-- AUTO_INCREMENT de la tabla `operador`
--
ALTER TABLE `operador`
  MODIFY `IdOperador` int(11) NOT NULL AUTO_INCREMENT, AUTO_INCREMENT=15;

--
-- AUTO_INCREMENT de la tabla `ot`
--
ALTER TABLE `ot`
  MODIFY `IdOt` int(11) NOT NULL AUTO_INCREMENT, AUTO_INCREMENT=33;

--
-- AUTO_INCREMENT de la tabla `pausa`
--
ALTER TABLE `pausa`
  MODIFY `IdPausa` int(11) NOT NULL AUTO_INCREMENT, AUTO_INCREMENT=262;

--
-- AUTO_INCREMENT de la tabla `puestotrabajador`
--
ALTER TABLE `puestotrabajador`
  MODIFY `IdPuestoTrabajador` int(11) NOT NULL AUTO_INCREMENT, AUTO_INCREMENT=4;

--
-- AUTO_INCREMENT de la tabla `tiempo`
--
ALTER TABLE `tiempo`
  MODIFY `IdTiempo` int(11) NOT NULL AUTO_INCREMENT, AUTO_INCREMENT=197;

--
-- AUTO_INCREMENT de la tabla `trabajo`
--
ALTER TABLE `trabajo`
  MODIFY `IdTrabajo` int(11) NOT NULL AUTO_INCREMENT, AUTO_INCREMENT=292;

--
-- Restricciones para tablas volcadas
--

--
-- Filtros para la tabla `operador`
--
ALTER TABLE `operador`
  ADD CONSTRAINT `FK_puestotrabajador` FOREIGN KEY (`IdPuestoTrabajador`) REFERENCES `puestotrabajador` (`IdPuestoTrabajador`) ON DELETE CASCADE ON UPDATE CASCADE;

--
-- Filtros para la tabla `pausa`
--
ALTER TABLE `pausa`
  ADD CONSTRAINT `FK_motivopausa` FOREIGN KEY (`IdMotivoPausa`) REFERENCES `motivopausa` (`IdMotivoPausa`) ON DELETE CASCADE ON UPDATE CASCADE,
  ADD CONSTRAINT `FK_trabajo` FOREIGN KEY (`IdTrabajo`) REFERENCES `trabajo` (`IdTrabajo`) ON DELETE CASCADE ON UPDATE CASCADE;

--
-- Filtros para la tabla `trabajo`
--
ALTER TABLE `trabajo`
  ADD CONSTRAINT `FK_operadorr` FOREIGN KEY (`IdOperador`) REFERENCES `operador` (`IdOperador`) ON DELETE CASCADE ON UPDATE CASCADE,
  ADD CONSTRAINT `FK_ot` FOREIGN KEY (`IdOt`) REFERENCES `ot` (`IdOt`) ON DELETE CASCADE ON UPDATE CASCADE;
COMMIT;

/*!40101 SET CHARACTER_SET_CLIENT=@OLD_CHARACTER_SET_CLIENT */;
/*!40101 SET CHARACTER_SET_RESULTS=@OLD_CHARACTER_SET_RESULTS */;
/*!40101 SET COLLATION_CONNECTION=@OLD_COLLATION_CONNECTION */;
